Id,pas_name,class,pas_age,sex_name,is_survive,sex_code
1,"Allen, Miss Elisabeth Walton",1st,29,female,1,1
591,"Wheadon, Mr Edward",2nd,NA,male,0,0
1243,"Tenglin, Mr Gunnar Isidor",3rd,NA,male,1,0
2,"Allison, Miss Helen Loraine",1st,2,female,0,1
592,"Wheeler, Mr Edwin",2nd,NA,male,0,0
1244,"Theobald, Mr Thomas Leonard",3rd,NA,male,0,0
3,"Allison, Mr Hudson Joshua Creighton",1st,30,male,0,0
593,"Wheeler, Mr Frederick",2nd,NA,male,0,0
1245,"Thomas, Mrs Alexander",3rd,NA,female,1,1
4,"Allison, Mrs Hudson JC (Bessie Waldo Daniels)",1st,25,female,0,1
594,"Wilhelms, Mr Charles",2nd,32,male,1,0
1246,"Thomas, Master Assad Alexander",3rd,NA,male,0,0
5,"Allison, Master Hudson Trevor",1st,0.92,male,1,0
595,"Wilkinson, Mrs Elizabeth Anne",2nd,NA,female,1,1
1247,"Thomas, Mr Charles",3rd,NA,male,0,0
6,"Anderson, Mr Harry",1st,47,male,1,0
596,"Williams, Mr Charles Eugene",2nd,NA,male,1,0
1248,"Thomas, Mr John, Jr",3rd,NA,male,0,0
7,"Andrews, Miss Kornelia Theodosia",1st,63,female,1,1
597,"Wright, Miss Marion",2nd,26,female,1,1
1249,"Thomas, Mr John (? 1st/2nd class)",3rd,NA,male,0,0
8,"Andrews, Mr Thomas, jr",1st,39,male,0,0
598,"Yrois, Miss Henriette",2nd,NA,female,0,1
1250,"Thomson, Mr Alexander",3rd,NA,male,0,0
9,"Appleton, Mrs Edward Dale (Charlotte Lamson)",1st,58,female,1,1
599,"Aldworth, Mr Charles Augustus",2nd,30,male,0,0
1251,"Thorneycroft, Mr Percival",3rd,NA,male,0,0
10,"Artagaveytia, Mr Ramon",1st,71,male,0,0
600,"Brown, Miss Mildred",2nd,24,female,1,1
1252,"Thorneycroft, Mrs Percival",3rd,NA,female,1,1
11,"Astor, Colonel John Jacob",1st,47,male,0,0
601,"Pernot, Mr Rene",2nd,NA,male,0,0
1253,"Tikkanen, Mr Juho",3rd,NA,male,0,0
12,"Astor, Mrs John Jacob (Madeleine Talmadge Force)",1st,19,female,1,1
602,"Swane, Mr George",2nd,18,male,0,0
1254,"Tobin, Mr Roger",3rd,NA,male,0,0
13,"Aubert, Mrs Leontine Pauline",1st,NA,female,1,1
603,"Abbing, Mr Anthony",3rd,42,male,0,0
1255,"Todoroff, Mr Lalio",3rd,NA,male,0,0
14,"Barkworth, Mr Algernon H",1st,NA,male,1,0
604,"Abbott, Master Eugene Joseph",3rd,13,male,0,0
1256,"Toerber, Mr Ernest William",3rd,NA,male,0,0
15,"Baumann, Mr John D",1st,NA,male,0,0
605,"Abbott, Mr Rossmore Edward",3rd,16,male,0,0
1257,"Tomlin, Mr Ernest Portage",3rd,NA,male,0,0
16,"Baxter, Mrs James (Helene DeLaudeniere Chaput)",1st,50,female,1,1
606,"Abbott, Mrs Stanton (Rosa)",3rd,35,female,1,1
1258,"Torfa, Mr Assad",3rd,NA,male,0,0
17,"Baxter, Mr Quigg Edmond",1st,24,male,0,0
607,"Abelseth, Miss Anna Karen",3rd,16,female,1,1
1259,"Tornquist, Mr William Henry",3rd,25,male,1,0
18,"Beattie, Mr Thomson",1st,36,male,0,0
608,"Abelseth, Mr Olaus",3rd,25,male,1,0
1260,"Touma (Thomas), Mrs Darwin",3rd,NA,female,0,1
19,"Beckwith, Mr Richard Leonard",1st,37,male,1,0
609,"Abraham, Mrs Joseph (Sophie Easu)",3rd,18,female,1,1
1261,"Touma (Thomas), Master George",3rd,NA,male,0,0
20,"Beckwith, Mrs Richard Leonard (Sallie Monypeny)",1st,47,female,1,1
610,"Abrahamsson, Mr August",3rd,20,male,1,0
1262,"Touma (Thomas), Miss Hannah",3rd,NA,female,0,1
21,"Behr, Mr Karl Howell",1st,26,male,1,0
611,"Adahl, Mr Mauritz Nils Martin",3rd,30,male,0,0
1263,"Turcin, Mr Stefan",3rd,NA,male,0,0
22,"Birnbaum, Mr Jakob",1st,25,male,0,0
612,"Adams, Mr John",3rd,26,male,0,0
1264,"Turja, Miss Anna Sofia",3rd,18,female,1,1
23,"Bishop, Mr Dickinson H",1st,25,male,1,0
613,"Ahlin, Mrs Johanna Persdotter",3rd,40,female,0,1
1265,"Turkula, Mrs Hedvig",3rd,63,female,1,1
24,"Bishop, Mrs Dickinson H (Helen Walton)",1st,19,female,1,1
614,"Ahmed, Mr Ali",3rd,24,male,0,0
1266,"Uzelas, Mr Joso",3rd,NA,male,0,0
25,"Bjornstrm-Steffansson, Mr Mauritz Hakan",1st,28,male,1,0
615,"Aijo-Nirva, Mr Isak",3rd,41,male,0,0
1267,"Van Billiard, Mr Austin Blyler",3rd,NA,male,0,0
26,"Blackwell, Mr Stephen Weart",1st,45,male,0,0
616,"Aks, Mrs Sam (Leah Rosen)",3rd,18,female,1,1
1268,"Van Billiard, Master James William",3rd,NA,male,0,0
27,"Blank, Mr Henry",1st,39,male,1,0
617,"Aks, Master Philip",3rd,0.83,male,1,0
1269,"Van Billiard, Master Walter John",3rd,NA,male,0,0
28,"Bonnell, Miss Caroline",1st,30,female,1,1
618,"Alexander, Mr William",3rd,23,male,0,0
1270,"Van der Planke, Miss Augusta",3rd,18,female,0,1
29,"Bonnell, Miss Elizabeth",1st,58,female,1,1
619,"Alhomaki, Mr Ilmari Rudolf",3rd,20,male,0,0
1271,"Van der Planke, Mr Jules",3rd,31,male,0,0
30,"Borebank, Mr John James",1st,NA,male,0,0
620,"Ali, Mr William",3rd,25,male,0,0
1272,"Van der Planke, Mrs Jules",3rd,31,female,0,1
31,"Bowen, Miss Grace Scott",1st,45,female,1,1
621,"Allen, Mr William Henry",3rd,35,male,0,0
1273,"Van der Planke, Mr Leon",3rd,15,male,0,0
32,"Bowerman, Miss Elsie Edith",1st,22,female,1,1
622,"Allum, Mr Owen George",3rd,17,male,0,0
1274,"Van der Steen, Mr Leo Peter",3rd,28,male,0,0
33,"Bradley, Mr George",1st,NA,male,1,0
623,"Andersen, Mr Albert Karvin",3rd,32,male,0,0
1275,"Van de Velde, Mr John Joseph",3rd,36,male,0,0
34,"Brady, Mr John Bertram",1st,41,male,0,0
624,"Andersen, Mr Thor Olsvigen",3rd,20,male,0,0
1276,"Vandewalle, Mr Nestor Cyriel",3rd,28,male,0,0
35,"Brandeis, Mr Emil",1st,48,male,0,0
625,"Andersson, Mr Anders Johan",3rd,39,male,0,0
1277,"Van Impe, Miss Catharine",3rd,10,female,0,1
36,"Brewe, Dr Arthur Jackson",1st,NA,male,0,0
626,"Andersson, Mrs Anders Johan (Alfrida K Brogren)",3rd,39,female,0,1
1278,"Van Impe, Mr Jean Baptiste",3rd,36,male,0,0
38,"Brown, Mrs John Murray (Caroline Lane Lamson)",1st,59,female,1,1
627,"Andersson, Miss Ebba Iris",3rd,6,female,0,1
1279,"Van Impe, Mrs Jean Baptiste",3rd,30,female,0,1
39,"Bucknell, Mrs William Robert (Emma Eliza Ward)",1st,60,female,1,1
628,"Andersson, Miss Ellis Anna Maria",3rd,2,female,0,1
1280,"Vartunian, Mr David",3rd,22,male,1,0
40,"Butt, Major Archibald Willingham",1st,45,male,0,0
629,"Andersson, Miss Erna",3rd,17,female,1,1
1281,"Vassilios, Mr Catavelas",3rd,NA,male,0,0
41,"Calderhead, Mr Edward P",1st,NA,male,1,0
630,"Andersson, Miss Ida Augusta Margareta",3rd,38,female,0,1
1282,"Vendel, Mr Olof Wdvin",3rd,29,male,0,0
42,"Candee, Mrs Edward (Helen Churchill Hungerford)",1st,53,female,1,1
631,"Andersson, Miss Ingeborg Constancia",3rd,9,female,0,1
1283,"Vereruysse, Mr Victor",3rd,47,male,0,0
43,"Cardeza, Mrs James Warburton Martinez (Charlotte Wardle Drake)",1st,58,female,1,1
632,"Andersson, Mr Johan Samuel",3rd,26,male,0,0
1284,"Vestrom, Miss Hulda Amanda Adolfina",3rd,14,female,0,1
44,"Cardeza, Mr Thomas Drake Martinez",1st,36,male,1,0
633,"Andersson, Miss Sigrid Elizabeth",3rd,11,female,0,1
1285,"Vonk, Mr Jenko",3rd,22,male,0,0
45,"Carlsson, Mr Frans Olof",1st,33,male,0,0
634,"Andersson, Master Sigvard Harald Elias",3rd,4,male,0,0
1286,"Ware, Mr Frederick",3rd,NA,male,0,0
46,"Carrau, Mr Francisco M",1st,NA,male,0,0
635,"Andreasson, Mr Paul Edvin",3rd,20,male,0,0
1287,"Warren, Mr Charles William",3rd,NA,male,0,0
47,"Carrau, Mr Jose Pedro",1st,NA,male,0,0
636,"Angheloff, Mr Minko",3rd,26,male,0,0
1288,"Wazli, Mr Yousif",3rd,NA,male,0,0
48,"Carter, Mr William Ernest",1st,36,male,1,0
637,"Arnold, Mr Josef",3rd,25,male,0,0
1289,"Webber, Mr James",3rd,NA,male,0,0
49,"Carter, Mrs William Ernest (Lucile Polk)",1st,36,female,1,1
638,"Arnold, Mrs Josef (Josephine Frank)",3rd,18,female,0,1
1290,"Wennerstrom, Mr August Edvard",3rd,NA,male,1,0
50,"Carter, Miss Lucile Polk",1st,14,female,1,1
639,"Aronsson, Mr Ernst Axel Algot",3rd,24,male,0,0
1291,"Wenzel, Mr Linhart",3rd,NA,male,0,0
51,"Carter, Master William T II",1st,11,male,1,0
640,"Asim, Mr Adola",3rd,35,male,0,0
1292,"Widegren, Mr Charles Peter",3rd,51,male,0,0
52,"Case, Mr Howard Brown",1st,49,male,0,0
641,"Asplund, Mr Carl Oscar Vilhelm Gustafsson",3rd,40,male,0,0
1293,"Wiklund, Mr Jacob Alfred",3rd,18,male,0,0
53,"Cassebeer, Mrs Henry Arthur jr (Genevieve Fosdick)",1st,NA,female,1,1
642,"Asplund, Mrs Carl Oscar (Selma Augusta Johansson)",3rd,38,female,1,1
1294,"Wilkes, Mrs Ellen",3rd,45,female,1,1
54,"Cavendish, Mr Tyrell William",1st,36,male,0,0
643,"Asplund, Master Carl Edgar",3rd,5,male,0,0
1295,"Willer, Mr Aaron",3rd,NA,male,0,0
55,"Cavendish, Mrs Tyrell William Julia Florence Siegel",1st,NA,female,1,1
644,"Asplund, Master Clarence Gustaf Hugo",3rd,9,male,0,0
1296,"Willey, Mr Edward",3rd,NA,male,0,0
56,"Chaffee, Mr Herbert Fuller",1st,46,male,0,0
645,"Aspland, Master Edvin Rojj Felix",3rd,3,male,1,0
1297,"Williams, Mr Howard Hugh",3rd,NA,male,0,0
57,"Chaffee, Mrs Herbert Fuller (Carrie Constance Toogood)",1st,47,female,1,1
646,"Asplund, Master Filip Oscar",3rd,13,male,0,0
1298,"Williams, Mr Leslie",3rd,28,male,0,0
58,"Chambers, Mr Norman Campbell",1st,27,male,1,0
647,"Asplund, Mr John Charles",3rd,23,male,1,0
1299,"Windelov, Mr Einar",3rd,21,male,0,0
59,"Chambers, Mrs Norman Campbell (Bertha Griggs)",1st,31,female,1,1
648,"Asplund, Miss Lillian Gertrud",3rd,5,female,1,1
1300,"Wirz, Mr Albert",3rd,27,male,0,0
60,"Cherry, Miss Gladys",1st,NA,female,1,1
649,"Assaf, Mr Gerios",3rd,NA,male,0,0
1301,"Wiseman, Mr Phillippe",3rd,NA,male,0,0
61,"Chevre, Mr Paul",1st,NA,male,1,0
650,"Assaf, Mrs Mariana",3rd,45,female,1,1
1302,"Wittevrongel, Mr Camiel",3rd,36,male,0,0
62,"Chibnall (Bowerman), Mrs Edith Martha",1st,NA,female,1,1
651,"Assam, Mr Ali",3rd,23,male,0,0
1303,"Yalsevac, Mr Ivan",3rd,NA,male,1,0
63,"Chisholm, Mr Roderick Robert",1st,NA,male,0,0
652,"Attalah, Miss Malaka",3rd,17,female,0,1
1304,"Yasbeck, Mr Antoni",3rd,27,male,0,0
64,"Clark, Mr Walter Miller",1st,27,male,0,0
653,"Attala (Kalil), Mr Solomon",3rd,27,male,0,0
1305,"Yasbeck, Mrs Antoni",3rd,15,female,1,1
65,"Clark, Mrs Walter Miller (Virginia McDowell)",1st,26,female,1,1
654,"Augustsson, Mr Albert",3rd,23,male,0,0
1306,"Youssef, Mr Gerios",3rd,NA,male,0,0
66,"Clifford, Mr George Quincy",1st,NA,male,0,0
655,"Baccos, Mr Rafoul",3rd,20,male,0,0
1307,"Zabour, Miss Hileni",3rd,NA,female,0,1
67,"Colley, Mr Edward Pomeroy",1st,NA,male,0,0
656,"Backstrom, Mr Karl Alfred",3rd,32,male,0,0
1308,"Zabour, Miss Tamini",3rd,NA,female,0,1
68,"Compton, Mrs Alexander Taylor (Mary Eliza Ingersoll)",1st,64,female,1,1
657,"Backstrom, Mrs Karl Alfred (Maria Mathilda Gustafsson)",3rd,33,female,1,1
1309,"Zakarian, Mr Artun",3rd,27,male,0,0
69,"Compton, Mr Alexander Taylor, Jr",1st,37,male,0,0
658,"Baclini, Miss Eugenie",3rd,3,female,1,1
1310,"Zakarian, Mr Maprieder",3rd,26,male,0,0
70,"Compton, Miss Sara Rebecca",1st,39,female,1,1
659,"Baclini, Miss Helene",3rd,NA,female,1,1
1311,"Zenni, Mr Philip",3rd,22,male,0,0
71,"Cornell, Mrs Robert Clifford (Malvina Helen Lamson)",1st,55,female,1,1
660,"Baclini, Miss Maria",3rd,NA,female,1,1
1312,"Lievens, Mr Rene",3rd,24,male,0,0
72,"Crafton, Mr John Bertram",1st,NA,male,0,0
661,"Baclini, Mrs Solomon (Latifa)",3rd,NA,female,1,1
1313,"Zimmerman, Leo",3rd,29,male,0,0
73,"Crosby, Captain Edward Gifford",1st,70,male,0,0
662,"Badman, Miss Emily Louisa",3rd,18,female,1,1
74,"Crosby, Mrs Edward Gifford (Catherine Elizabeth Halstead)",1st,69,female,1,1
663,"Badt, Mr Mohamed",3rd,40,male,0,0
75,"Crosby, Miss Harriet R",1st,36,female,1,1
664,"Balkic, Mr Cerin",3rd,26,male,0,0
76,"Cumings, Mr John Bradley",1st,39,male,0,0
665,"Banoura, Miss Ayout",3rd,15,female,1,1
77,"Cumings, Mrs John Bradley (Florence Briggs Thayer)",1st,38,female,1,1
666,"Barbara, Mrs Catherine",3rd,45,female,0,1
78,"Daly, Mr Peter Denis ",1st,NA,male,1,0
667,"Barbara, Miss Saude",3rd,18,female,0,1
79,"Daniel, Mr Robert Williams",1st,27,male,1,0
668,"Barry, Miss Julia",3rd,27,female,0,1
80,"Davidson, Mr Thornton",1st,31,male,0,0
669,"Barton, Mr David",3rd,22,male,0,0
81,"Davidson, Mrs Thornton (Orian Hays)",1st,27,female,1,1
670,"Beavan, Mr William Thomas",3rd,19,male,0,0
82,"de Villiers, Madame Berthe",1st,NA,female,1,1
671,"Bengtsson, Mr John Viktor",3rd,26,male,0,0
83,"Dick, Mr Albert Adrian",1st,31,male,1,0
672,"Berglund, Mr Karl Ivar Sven",3rd,22,male,0,0
84,"Dick, Mrs Albert Adrian Vera Gillespie",1st,17,female,1,1
673,"Betros, Mr Tannous",3rd,20,male,0,0
85,"Dodge, Dr Washington",1st,NA,male,1,0
674,"Bing, Mr Lee",3rd,32,male,1,0
86,"Dodge, Mrs Washington (Ruth Vidaver)",1st,NA,female,1,1
675,"Birkeland, Mr Hans",3rd,21,male,0,0
87,"Dodge, Master Washington",1st,4,male,1,0
676,"Bjorklund, Ernst Herbert",3rd,18,male,0,0
88,"Douglas, Mrs Frederick Charles (Suzette Baxter)",1st,27,female,1,1
677,"Bostandyeff, Mr Guentcho",3rd,26,male,0,0
89,"Douglas, Mr Walter Donald",1st,50,male,0,0
678,"Boulos, Master Akar",3rd,6,male,0,0
90,"Douglas, Mrs Walter Donald (Mahala Dutton)",1st,48,female,1,1
679,"Boulos, Mr Hanna",3rd,NA,male,0,0
91,"Duff Gordon, Sir Cosmo Edmund",1st,49,male,1,0
680,"Boulos, Mrs Joseph (Sultana)",3rd,NA,female,0,1
92,"Duff Gordon, Lady (Lucille Wallace Sutherland)",1st,48,female,1,1
681,"Boulos, Miss Laura",3rd,9,female,0,1
93,"Dulles, Mr William Crothers",1st,39,male,0,0
682,"Bourke, Mr John",3rd,40,male,0,0
94,"Earnshaw, Mrs Boulton (Olive Potter)",1st,23,female,1,1
683,"Bourke, Mrs John (Catherine)",3rd,32,female,0,1
95,"Eustis, Miss Elizabeth Mussey",1st,53,female,1,1
684,"Bourke, Miss Mary",3rd,NA,female,0,1
96,"Evans, Miss Edith Corse",1st,36,female,0,1
685,"Bowen, Mr David",3rd,26,male,0,0
97,"Flegenheim, Mrs Alfred (Antoinette)",1st,NA,female,1,1
686,"Bradley, Miss Bridget Delia",3rd,18,female,1,1
98,"Flynn, Mr John Irving",1st,NA,male,1,0
687,"Braf, Miss Elin Ester Maria",3rd,20,female,0,1
99,"Foreman, Mr Benjamin Laventall",1st,30,male,0,0
688,"Brahim, Mr Youssef",3rd,NA,male,0,0
100,"Fortune, Miss Alice Elizabeth",1st,24,female,1,1
689,"Braund, Mr Lewis Richard",3rd,29,male,0,0
101,"Fortune, Mr Charles Alexander",1st,19,male,0,0
690,"Braund, Mr Owen Harris",3rd,22,male,0,0
102,"Fortune, Miss Ethel Flora",1st,28,female,1,1
691,"Brobek, Mr Karl Rudolf",3rd,22,male,0,0
103,"Fortune, Miss Mabel",1st,23,female,1,1
692,"Brocklebank, Mr William Alfred",3rd,35,male,0,0
104,"Fortune, Mr Mark",1st,64,male,0,0
693,"Buckley, Mr Daniel",3rd,21,male,1,0
105,"Fortune, Mrs Mark (Mary McDougald)",1st,60,female,1,1
694,"Buckley, Miss Katherine",3rd,20,female,0,1
106,"Franklin, Mr Thomas Parham",1st,NA,male,0,0
695,"Burke, Mr Jeremiah",3rd,19,male,0,0
107,"Frauenthal, Dr Henry William",1st,49,male,1,0
696,"Burns, Miss Mary Delia",3rd,18,female,0,1
108,"Frauenthal, Mrs Henry William (Clara Heinsheimer)",1st,NA,female,1,1
697,"Cacic, Mr Grego",3rd,18,male,0,0
109,"Frauenthal, Mr Isaac Gerald",1st,44,male,1,0
698,"Cacic, Mr Luka",3rd,38,male,0,0
110,"Frolicher, Miss Marguerite",1st,22,female,1,1
699,"Cacic, Mr Manda",3rd,NA,male,0,0
111,"Frolicher-Stehli, Mr Maxmillian",1st,60,male,1,0
700,"Cacic, Mr Maria",3rd,30,male,0,0
112,"Frolicher-Stehli, Mrs Maxmillian (Margaretha Emerentia Stehli)",1st,48,female,1,1
701,"Calic, Mr Peter",3rd,17,male,0,0
113,"Futrelle, Mr Jacques",1st,37,male,0,0
702,"Canavan, Miss Mary",3rd,21,female,0,1
114,"Futrelle, Mrs Jacques (May Peel)",1st,35,female,1,1
703,"Canavan, Mr Patrick",3rd,21,male,0,0
115,"Gee, Mr Arthur H",1st,47,male,0,0
704,"Cann, Mr Ernest",3rd,21,male,0,0
116,"Gibson, Miss Dorothy",1st,22,female,1,1
705,"Caram (Kareem), Mr Joseph",3rd,NA,male,0,0
117,"Gibson, Mrs Leonard (Pauline C Boeson)",1st,45,female,1,1
706,"Caram (Kareem), Mrs Joseph (Maria Elias)",3rd,NA,female,0,1
118,"Goldenberg, Mr Samuel L",1st,49,male,1,0
707,"Carlsson, Mr Carl Robert",3rd,24,male,0,0
119,"Goldenberg, Mrs Samuel L (Edwiga Grabowsko)",1st,NA,female,1,1
708,"Carlsson, Mr Frans Olof",3rd,33,male,0,0
120,"Goldschmidt, Mr George B",1st,71,male,0,0
709,"Carlsson, Mr Julius",3rd,33,male,0,0
121,"Gracie, Colonel Archibald IV",1st,54,male,1,0
710,"Carlsson, Mr August Sigfrid",3rd,28,male,0,0
122,"Graham, Mr George Edward",1st,38,male,0,0
711,"Carr, Miss Helen",3rd,16,female,1,1
123,"Graham, Miss Margaret Edith",1st,19,female,1,1
712,"Carr, Miss Jeannie",3rd,37,female,0,1
124,"Graham, Mrs William Thompson (Edith Junkins)",1st,58,female,1,1
713,"Carver, Mr Alfred John",3rd,28,male,0,0
125,"Greenfield, Mrs Leo David (Blanche Strouse)",1st,45,female,1,1
714,"Cassem, Mr Nassef Belmenly",3rd,NA,male,1,0
126,"Greenfield, Mr William Bertram",1st,23,male,1,0
715,"Celotti, Mr Francesco",3rd,24,male,0,0
127,"Guggenheim, Mr Benjamin",1st,46,male,0,0
716,"Chartens, Mr David",3rd,21,male,0,0
128,"Harder, Mr George Achilles",1st,25,male,1,0
717,"Chebab, Mr Emir Farres",3rd,NA,male,0,0
129,"Harder, Mrs George Achilles (Dorothy Annan)",1st,21,female,1,1
718,"Chip, Mr Chang",3rd,32,male,0,0
130,"Harper, Mr Henry Sleeper",1st,48,male,1,0
719,"Christmann, Mr Emil",3rd,29,male,0,0
131,"Harper, Mrs Henry Sleeper (Myna Haxtun)",1st,49,female,1,1
720,"Chronopoulos, Mr Apostolos",3rd,26,male,0,0
132,"Harris, Mr Henry Birkhardt",1st,45,male,0,0
721,"Chronopoulos, Mr Demetrios",3rd,18,male,0,0
133,"Harris, Mrs Henry Birkhardt (Irene Wallach)",1st,36,female,1,1
722,"Coelho, Mr Domingos Fernandes",3rd,20,male,0,0
134,"Hawksford, Mr Walter James",1st,NA,male,1,0
723,"Cohen, Mr Gurshon (Gus)",3rd,19,male,1,0
135,"Hays, Mr Charles Melville",1st,55,male,0,0
724,"Colbert, Mr Patrick",3rd,24,male,0,0
136,"Hays, Mrs Charles Melville (Clara Jennings Gregg)",1st,52,female,1,1
725,"Coleff, Mr Fotio",3rd,24,male,0,0
137,"Hays, Miss Margaret Bechstein",1st,24,female,1,1
726,"Coleff, Mr Peyo",3rd,36,male,0,0
138,"Head, Mr Christopher",1st,NA,male,0,0
727,"Conlin, Mr Thomas Henry",3rd,31,male,0,0
139,"Hilliard, Mr Herbert Henry",1st,NA,male,0,0
728,"Connaghton, Mr Michael",3rd,31,male,0,0
140,"Hipkins, Mr William Edward",1st,NA,male,0,0
729,"Connolly, Miss Kate",3rd,30,female,0,1
141,"Hippach, Miss Jean Gertrude",1st,16,female,1,1
730,"Connolly, Miss Kate",3rd,22,female,1,1
142,"Hippach, Mrs Louis Albert (Ida Sophia Fischer)",1st,44,female,1,1
731,"Connors, Mr Patrick",3rd,NA,male,0,0
143,"Hogeboom, Mrs John C (Anna Andrews)",1st,51,female,1,1
732,"Cook, Mr Jacob",3rd,43,male,0,0
144,"Holverson, Mr Alexander Oskar",1st,42,male,0,0
733,"Cor, Mr Bartol",3rd,35,male,0,0
145,"Holverson, Mrs Alexander Oskar (Mary Aline Towner)",1st,35,female,1,1
734,"Cor, Mr Ivan",3rd,27,male,0,0
146,"Homer, Mr Harry",1st,35,male,1,0
735,"Cor, Mr Ludovik",3rd,19,male,0,0
147,"Hoyt, Mr Frederick Maxfield",1st,38,male,1,0
736,"Corn, Mr Harry",3rd,30,male,0,0
148,"Hoyt, Mrs Frederick Maxfield (Jane Anne Forby)",1st,35,female,1,1
737,"Coutts, Mrs William (Minnie)",3rd,36,female,1,1
149,"Hoyt, Mr William F",1st,NA,male,0,0
738,"Coutts, Master Neville",3rd,3,male,1,0
150,"Isham, Miss Anne Elizabeth",1st,50,female,0,1
739,"Coutts, Master William Leslie",3rd,9,male,1,0
151,"Ismay, Mr Joseph Bruce",1st,49,male,1,0
740,"Coxon, Mr Daniel",3rd,59,male,0,0
152,"Jones, Mr Charles Cresson",1st,46,male,0,0
741,"Crease, Mr Ernest James",3rd,19,male,0,0
153,"Julian, Mr Henry Forbes",1st,NA,male,0,0
742,"Cribb, Mr John Hatfield",3rd,44,male,0,0
154,"Kent, Mr Edward Austin",1st,58,male,0,0
743,"Cribb, Miss Laura Alice",3rd,17,female,1,1
155,"Kenyon, Mr Frederick R",1st,41,male,0,0
744,"Daher, Mr Tannous",3rd,NA,male,0,0
156,"Kenyon, Mrs Frederick R (Marion)",1st,NA,female,1,1
745,"Dahl, Mr Charles Edward",3rd,45,male,1,0
157,"Kimball, Mr Edwin Nelson Jr",1st,42,male,1,0
746,"Dahlberg, Miss Gerda Ulrika",3rd,22,female,0,1
158,"Kimball, Mrs Edwin Nelson Jr (Gertrude Parsons)",1st,40,female,1,1
747,"Dakic, Mr Branko",3rd,19,male,0,0
159,"Klaber, Mr Herman",1st,NA,male,0,0
748,"Daly, Mr Eugene",3rd,29,male,1,0
160,"Leader, Dr Alice Farnham",1st,NA,female,1,1
749,"Daly, Miss Marcella",3rd,30,female,1,1
161,"Lewy, Mr Ervin G",1st,NA,male,0,0
750,"Danbom, Mr Ernst Gilbert",3rd,34,male,0,0
162,"Lindeberg-Lind, Mr Erik Gustaf",1st,42,male,0,0
751,"Danbom, Mrs Ernst Gilbert (Anna Sigrid Maria Brogren)",3rd,28,female,0,1
163,"Lindstrom, Mrs Carl Johan (Sigrid Posse)",1st,55,female,1,1
752,"Danbom, Master Gilbert Sigvard Emanuel",3rd,0.33,male,0,0
164,"Lines, Mrs Ernest H (Elizabeth Lindsey James)",1st,50,female,1,1
753,"Danoff, Mr Yoto",3rd,27,male,0,0
165,"Lines, Miss Mary Conover",1st,16,female,1,1
754,"Dantchoff, Mr Khristo",3rd,25,male,0,0
166,"Lingrey, Mr Edward",1st,NA,male,0,0
755,"Davies, Mr Alfred",3rd,24,male,0,0
167,"Long, Mr Milton Clyde",1st,29,male,0,0
756,"Davies, Mr Evan",3rd,22,male,0,0
168,"Longley, Miss Gretchen Fiske",1st,21,female,1,1
757,"Davies, Mr John",3rd,21,male,0,0
169,"Loring, Mr Joseph Holland",1st,30,male,0,0
758,"Davies, Mr Joseph",3rd,17,male,0,0
170,"Madill, Miss Georgette Alexandra",1st,15,female,1,1
759,"Davison, Mr Thomas Henry",3rd,NA,male,0,0
171,"Maguire, Mr John Edward",1st,30,male,0,0
760,"Davison, Mrs Thomas Henry (Mary Finck)",3rd,NA,female,1,1
172,"Marechal, Mr Pierre",1st,NA,male,1,0
761,"Dean, Mr Bertram",3rd,26,male,0,0
173,"Marvin, Mr Daniel Warner",1st,NA,male,0,0
762,"Dean, Mrs Bertram (Eva)",3rd,33,female,1,1
174,"Marvin, Mrs Daniel Warner (Mary Graham Carmichael Farquarson)",1st,NA,female,1,1
763,"Dean, Master Bertram Vere",3rd,1,male,1,0
175,"McCaffry, Mr Thomas Francis",1st,46,male,0,0
764,"Dean, Miss Elizabeth Gladys (Millvena)",3rd,0.17,female,1,1
176,"McCarthy, Mr Timothy J",1st,54,male,0,0
765,"Delalic, Mr Regyo",3rd,25,male,0,0
177,"McGough, Mr James R",1st,36,male,1,0
766,"De Messemaeker, Mr William Joseph",3rd,36,male,1,0
178,"Meyer, Mr Edgar Joseph",1st,28,male,0,0
767,"De Messemaeker, Mrs William Joseph (Anna)",3rd,36,female,1,1
179,"Meyer, Mrs Edgar Joseph (Leila Saks)",1st,NA,female,1,1
768,"De Mulder, Mr Theo",3rd,30,male,1,0
180,"Millet, Mr Francis Davis",1st,65,male,0,0
769,"Denkoff, Mr Mito",3rd,NA,male,0,0
181,"Minahan, Miss Daisy E",1st,33,female,1,1
770,"Dennis, Mr Samuel",3rd,23,male,0,0
182,"Minahan, Dr William Edward",1st,44,male,0,0
771,"Dennis, Mr William",3rd,26,male,0,0
183,"Minahan, Mrs William Edward (Lillian E Thorpe)",1st,37,female,1,1
772,"Devaney, Miss Margaret",3rd,19,female,1,1
184,"Mock, Mr Philip E",1st,NA,male,1,0
773,"Dewan, Mr Frank",3rd,65,male,0,0
185,"Molson, Mr Harry Markland",1st,55,male,0,0
774,"Dibo, Mr Elias",3rd,NA,male,0,0
186,"Moore, Mr Clarence Bloomfield",1st,47,male,0,0
775,"Dimic, Mr Jovan",3rd,42,male,0,0
187,"Natsch, Mr Charles H",1st,36,male,0,0
776,"Dintcheff, Mr Valtcho",3rd,43,male,0,0
188,"Newell, Mr Arthur Webster",1st,58,male,0,0
777,"Dooley, Mr Patrick",3rd,32,male,0,0
189,"Newell, Miss Madeleine",1st,31,female,1,1
778,"Dorkings, Mr Edward Arthur",3rd,19,male,1,0
190,"Newell, Miss Marjorie",1st,23,female,1,1
779,"Dowdell, Miss Elizabeth",3rd,30,female,1,1
191,"Newsom, Miss Helen Monypeny",1st,19,female,1,1
780,"Doyle, Miss Elizabeth",3rd,24,female,0,1
192,"Nicholson, Mr Arthur Ernest",1st,64,male,0,0
781,"Drapkin, Miss Jennie",3rd,23,female,1,1
193,"Omont, Mr A Fernand",1st,NA,male,1,0
782,"Drazonovic, Mr Josef",3rd,NA,male,0,0
194,"Ostby, Mr Engelhart Cornelius",1st,64,male,0,0
783,"Driscoll, Miss Bridget",3rd,24,female,1,1
195,"Ostby, Miss Helen Raghnild",1st,22,female,1,1
784,"Duquemin, Mr Joseph",3rd,24,male,1,0
196,"Ovies y Rodriguez, Mr Servando",1st,28,male,0,0
785,"Dyker, Mr Adolf Fredrik",3rd,23,male,0,0
197,"Parr, Mr William Henry Marsh",1st,NA,male,0,0
786,"Dyker, Mrs Adolf Fredrik (Anna Elizabeth Judith Andersson)",3rd,22,female,1,1
198,"Partner, Mr Austin",1st,NA,male,0,0
787,"Econovic, Mr Joso",3rd,NA,male,0,0
199,"Payne, Mr Vivian Ponsonby",1st,22,male,0,0
788,"Edvardsson, Mr Gustaf Hjalmar",3rd,18,male,0,0
200,"Pears, Mr Thomas",1st,NA,male,0,0
789,"Eklund, Mr Hans Linus",3rd,16,male,0,0
201,"Pears, Mrs Thomas (Edith)",1st,NA,female,1,1
790,"Ekstrom, Mr Johan",3rd,45,male,0,0
202,"Penasco, Mr Victor de Satode",1st,18,male,0,0
791,"Elias, Mr Elias",3rd,NA,male,0,0
203,"Penasco, Mrs Victor de Satode (Josefa de Soto)",1st,17,female,1,1
792,"Elias, Mr John",3rd,NA,male,0,0
204,"Peuchen, Major Arthur Godfrey",1st,52,male,1,0
793,"Elias, Mr Joseph",3rd,NA,male,0,0
205,"Porter, Mr Walter Chamberlain",1st,46,male,0,0
794,"Elsbury, Mr James",3rd,47,male,0,0
206,"Potter, Mrs Thomas, Jr (Lily Alexenia Wilson)",1st,56,female,1,1
795,"Emanuel, Miss Virginia Ethel",3rd,5,female,1,1
207,"Reuchlin, Jonkheer John George",1st,NA,male,0,0
796,"Emmeth, Mr Thomas",3rd,NA,male,0,0
208,"Rheims, Mr George Lucien",1st,NA,male,1,0
797,"Everett, Thomas James",3rd,NA,male,0,0
209,"Robert, Mrs Edward Scott (Elisabeth Walton McMillan)",1st,43,female,1,1
798,"Farrell, Mr James",3rd,NA,male,0,0
210,"Roebling, Mr Washington Augustus 2nd",1st,31,male,0,0
799,"Finoli, Mr Luigi",3rd,NA,male,1,0
211,"Romaine, Mr Charles Hallace",1st,NA,male,1,0
800,"Fischer, Mr Eberhard Telander",3rd,NA,male,0,0
212,"Rood, Mr Hugh R",1st,NA,male,0,0
801,"Flynn, Mr James",3rd,NA,male,0,0
213,"Rosenbaum (Russell), Miss Edith Louise",1st,33,female,1,1
802,"Flynn, Mr John",3rd,NA,male,0,0
214,"Ross, Mr John Hugo",1st,NA,male,0,0
803,"Foley, Mr Joseph",3rd,NA,male,0,0
215,"Rothes, the Countess of (Noel Lucy Martha Dyer-Edwardes)",1st,27,female,1,1
804,"Foley, Mr William",3rd,NA,male,0,0
216,"Rothschild, Mr Martin",1st,55,male,0,0
805,"Foo, Mr Choong",3rd,NA,male,1,0
217,"Rothschild, Mrs Martin (Elizabeth L Barrett)",1st,54,female,1,1
806,"Ford, Mr Arthur",3rd,NA,male,0,0
218,"Rowe, Mr Alfred G",1st,NA,male,0,0
807,"Ford, Miss Doolina Margaret",3rd,21,female,0,1
219,"Ryerson, Mr Arthur Larned",1st,61,male,0,0
808,"Ford, Mr Edward Watson",3rd,18,male,0,0
220,"Ryerson, Mrs Arthur Larned (Emily Maria Borie)",1st,48,female,1,1
809,"Ford, Miss Maggie",3rd,9,female,0,1
221,"Ryerson, Miss Emily Borie",1st,18,female,1,1
810,"Ford, Mrs Edward (Margaret Ann)",3rd,48,female,0,1
222,"Ryerson, Master John Borie",1st,13,male,1,0
811,"Ford, Mr Neil Watson",3rd,16,male,0,0
223,"Ryerson, Miss Susan (Suzette) Parker",1st,21,female,1,1
812,"Fox, Mr Patrick",3rd,NA,male,0,0
224,"Saalfeld, Mr Adolphe",1st,NA,male,1,0
813,"Franklin, Mr Charles",3rd,NA,male,0,0
225,"Salomon, Mr Abraham L",1st,NA,male,1,0
814,"Gallagher, Mr Martin",3rd,25,male,0,0
226,"Schabert, Mrs Paul (Emma Mock)",1st,NA,female,1,1
815,"Garfirth, Mr John",3rd,NA,male,0,0
227,"Seward, Mr Frederic Kimber",1st,34,male,1,0
816,"Georges, Mrs Shahini Weappi",3rd,38,female,1,1
228,"Shutes, Miss Elizabeth W",1st,40,female,1,1
817,"Gilinski, Mr Leslie",3rd,22,male,0,0
229,"Silverthorne, Mr Spencer Victor",1st,36,male,1,0
818,"Gilnagh, Miss Katie",3rd,16,female,1,1
230,"Silvey, Mr William Baird",1st,50,male,0,0
819,"Glynn, Miss Mary Agatha",3rd,NA,female,1,1
231,"Silvey, Mrs William Baird (Alice Munger)",1st,39,female,1,1
820,"Goldsmith, Mr Frank John",3rd,33,male,0,0
232,"Simonius-Blumer, Col Alfons",1st,56,male,1,0
821,"Goldsmith, Mrs Frank John (Emily A Brown)",3rd,NA,female,1,1
233,"Sloper, Mr William Thompson",1st,28,male,1,0
822,"Goldsmith, Master Frank John William",3rd,9,male,1,0
234,"Smart, Mr John Montgomery",1st,56,male,0,0
823,"Goldsmith, Mr Nathan",3rd,41,male,0,0
235,"Smith, Mr James Clinch",1st,56,male,0,0
824,"Goncalves, Mr Manuel Estanslas",3rd,38,male,0,0
236,"Smith, Mr Lucien Philip",1st,24,male,0,0
825,"Goodwin, Mr Frederick",3rd,40,male,0,0
237,"Smith, Mrs Lucien Philip (Mary Eloise Hughes",1st,18,female,1,1
826,"Goodwin, Mrs Frederick (Augusta)",3rd,43,female,0,1
238,"Smith, Mr Richard William",1st,NA,male,0,0
827,"Goodwin, Mr Charles E",3rd,14,male,0,0
239,"Snyder, Mr John Pillsbury",1st,24,male,1,0
828,"Goodwin, Miss Lillian A",3rd,16,female,0,1
240,"Snyder, Mrs John Pillsbury (Nelle Stevenson)",1st,23,female,1,1
829,"Goodwin, Master Harold V",3rd,9,male,0,0
241,"Spedden, Mr Frederick Oakley",1st,45,male,1,0
830,"Goodwin, Miss Jessie A",3rd,10,female,0,1
242,"Spedden, Mrs Frederick Oakley (Margaretta Corning Stone)",1st,40,female,1,1
831,"Goodwin, Master Sidney L",3rd,6,male,0,0
243,"Spedden, Master Robert Douglas",1st,6,male,1,0
832,"Goodwin, Master William F",3rd,11,male,0,0
244,"Spencer, Mr William Augustus",1st,57,male,0,0
833,"Green, Mr George",3rd,40,male,0,0
245,"Spencer, Mrs William Augustus (Marie Eugenie)",1st,NA,female,1,1
834,"Gronnestad, Mr Daniel Danielsen",3rd,32,male,0,0
246,"Staehlin, Dr Max",1st,32,male,1,0
835,"Guest, Mr Robert",3rd,NA,male,0,0
247,"Stead, Mr William Thomas",1st,62,male,0,0
836,"Gustafsson, Mr Alfred Ossian",3rd,20,male,0,0
248,"Stengel, Mr Charles Emil Henry",1st,54,male,1,0
837,"Gustafsson, Mr Anders Vilhelm",3rd,37,male,0,0
249,"Stengel, Mrs Charles Emil Henry (Annie May Morris)",1st,43,female,1,1
838,"Gustafsson, Mr Johan Birger",3rd,28,male,0,0
250,"Stephenson, Mrs Walter Bertram (Martha Eustis)",1st,52,female,1,1
839,"Gustafsson, Mr Karl Gideon",3rd,19,male,0,0
251,"Stewart, Mr Albert A",1st,NA,male,0,0
840,"Haas, Miss Aloisia",3rd,24,female,0,1
252,"Stone, Mrs George Nelson (Martha E)",1st,62,female,1,1
841,"Hagardon, Miss Kate",3rd,17,female,0,1
253,"Straus, Mr Isidor",1st,67,male,0,0
842,"Hagland, Mr Ingvald Olsen",3rd,NA,male,0,0
254,"Straus, Mrs Isidor (Ida Blun)",1st,63,female,0,1
843,"Hagland, Mr Konrad Mathias Reiersen",3rd,NA,male,0,0
255,"Sutton, Mr Frederick",1st,61,male,0,0
844,"Hakkarainen, Mr Pekko Pietari",3rd,28,male,0,0
256,"Swift, Mrs Frederick Joel (Margaret Welles Barron)",1st,46,female,1,1
845,"Hakkarainen, Mrs Pekko Pietari",3rd,24,female,1,1
257,"Taussig, Mr Emil",1st,52,male,0,0
846,"Hampe, Mr Leon",3rd,20,male,0,0
258,"Taussig, Mrs Emil (Tillie Mandelbaum)",1st,39,female,1,1
847,"Hansen, Mr Claus Peter",3rd,41,male,0,0
259,"Taussig, Miss Ruth",1st,18,female,1,1
848,"Hansen, Mrs Claus Peter",3rd,45,female,1,1
260,"Taylor, Mr Elmer Zebley",1st,48,male,1,0
849,"Hansen, Mr Henrik Juul",3rd,26,male,0,0
261,"Taylor, Mrs Elmer Zebley (Juliet Cummins Wright)",1st,NA,female,1,1
850,"Hansen, Mr Henry Damsgaard",3rd,21,male,0,0
262,"Thayer, Mr John Borland",1st,49,male,0,0
851,"Harknett, Miss Alice",3rd,NA,female,0,1
263,"Thayer, Mrs John Borland (Marian Longstreth Morris)",1st,39,female,1,1
852,"Harmer, Mr Abraham",3rd,NA,male,0,0
264,"Thayer, Mr John Borland, jr",1st,17,male,1,0
853,"Hart, Mr Henry",3rd,NA,male,0,0
265,"Thorne, Mr George (alias of: Mr George Rosenshine)",1st,46,male,0,0
854,"Hassan, Mr M Houssein",3rd,NA,male,0,0
266,"Thorne, Mrs Gertrude Maybelle",1st,NA,female,1,1
855,"Healy, Miss Nora",3rd,NA,female,0,1
267,"Tucker, Mr Gilbert Milligan, jr",1st,31,male,1,0
856,"Hedman, Mr Oscar",3rd,27,male,1,0
268,"Uruchurtu, Mr Manuel E",1st,NA,male,0,0
857,"Hee, Mr Ling",3rd,NA,male,0,0
269,"Van Derhoef, Mr Wyckoff",1st,61,male,0,0
858,"Hegarty, Miss Nora",3rd,18,female,0,1
270,"Walker, Mr William Anderson",1st,47,male,0,0
859,"Heikkinen, Miss Laina",3rd,26,female,1,1
271,"Warren, Mr Frank Manley",1st,64,male,0,0
860,"Heininen, Miss Wendla Maria",3rd,23,female,0,1
272,"Warren, Mrs Frank Manley (Anna S Atkinson)",1st,60,female,1,1
861,"Hellstrom, Hilda Maria",3rd,22,female,1,1
273,"Weir, Col John",1st,60,male,0,0
862,"Hemming, Miss Nora",3rd,NA,female,0,1
274,"White, Mrs J Stuart (Ella Holmes)",1st,55,female,1,1
863,"Hendekovic, Mr Ignaz",3rd,NA,male,0,0
275,"White, Mr Percival Wayland",1st,54,male,0,0
864,"Henery, Delia",3rd,NA,female,0,1
276,"White, Mr Richard Frasar",1st,21,male,0,0
865,"Henriksson, Jenny Lovisa",3rd,28,female,0,1
277,"Wick, Mr George Dennick",1st,57,male,0,0
866,"Hirvonen, Mrs Alexander",3rd,22,female,1,1
278,"Wick, Mrs George Dennick (Martha Hitchcock)",1st,45,female,1,1
867,"Hirvonen, Miss Hildur E",3rd,2,female,0,1
279,"Wick, Miss Mary Natalie",1st,31,female,1,1
868,"Holm, Mr John Frederik Alexander",3rd,43,male,0,0
280,"Widener, Mr George Dunton",1st,50,male,0,0
869,"Holthen, Mr Johan Martin",3rd,NA,male,0,0
281,"Widener, Mrs George Dunton (Eleanor Elkins)",1st,50,female,1,1
870,"Honkanen, Miss Eluna",3rd,27,female,1,1
282,"Widener, Mr Harry Elkins",1st,27,male,0,0
871,"Horgan, Mr John",3rd,NA,male,0,0
283,"Willard, Miss Constance",1st,20,female,1,1
872,"Howard, Miss May",3rd,NA,female,1,1
284,"Williams, Mr Charles Duane",1st,51,male,0,0
873,"Humblin, Mr Adolf Mathias Nicolai Olsen",3rd,42,male,0,0
285,"Williams, Mr Fletcher Lambert",1st,NA,male,0,0
874,"Hyman, Mr Abraham",3rd,NA,male,1,0
286,"Williams, Mr Richard Norris II",1st,21,male,1,0
875,"Ilieff, Mr Ylio",3rd,NA,male,0,0
287,"Woolner, Mr Hugh",1st,NA,male,1,0
876,"Ilmakangas, Miss Ida Livija",3rd,27,female,0,1
288,"Wright, Mr George",1st,NA,male,0,0
877,"Ilmakangas, Miss Pieta Sofia",3rd,25,female,0,1
289,"Young, Miss Marie Grice",1st,36,female,1,1
878,"Ivanoff, Mr Konio",3rd,NA,male,0,0
290,"Barber, Ms ",1st,NA,female,1,1
879,"Jansen, Mr Carl Olof",3rd,27,male,1,0
291,"Bazzani, Ms Albina",1st,NA,female,1,1
880,"Jardin, Mr Jose Netto",3rd,NA,male,0,0
292,"Bidois, Miss Rosalie",1st,NA,female,1,1
881,"Jensen, Miss Carla Christine",3rd,19,female,1,1
293,"Bird, Ms Ellen",1st,NA,female,1,1
882,"Jensen, Mr Hans Peder",3rd,20,male,0,0
294,"Bissetti, Ms Amelia",1st,NA,female,1,1
883,"Jensen, Mr Niels Peder",3rd,48,male,0,0
295,"Burns, Ms Elizabeth Margaret",1st,NA,female,1,1
884,"Jensen, Mr Svend Lauritz",3rd,17,male,0,0
296,"Chaudanson, Ms         Victorine",1st,NA,female,1,1
885,"Jermyn, Miss Annie",3rd,NA,female,1,1
297,"Cleaver, Ms Alice",1st,NA,female,1,1
886,"Johannesen-Bratthammer, Mr Bernt",3rd,NA,male,0,0
298,"Daniels, Ms Sarah",1st,NA,female,1,1
887,"Johanson, Mr Jakob Alfred",3rd,34,male,0,0
299,"Endres, Miss Caroline Louise",1st,NA,female,1,1
888,"Johansson, Mr Erik",3rd,22,male,0,0
300,"Farthing, Mr John",1st,NA,male,0,0
889,"Johansson, Mr Gustaff Joel",3rd,33,male,0,0
301,"Fleming, Ms Margaret",1st,NA,female,0,1
890,"Johansson, Mr Karl Johan",3rd,32,male,1,0
302,"Francatelli, Ms Laura Mabel",1st,NA,female,1,1
891,"Johansson, Mr Nils",3rd,29,male,0,0
303,"Fry, Mr Richard",1st,NA,male,0,0
892,"Johansson, Oscar L",3rd,26,male,1,0
304,"Geiger, Miss Emily ",1st,NA,female,1,1
893,"Johnson, Mr Alfred",3rd,49,male,0,0
305,"Giglio, Mr Victor",1st,NA,male,0,0
894,"Johnson, Miss Eleanor Ileen",3rd,1,female,1,1
306,"Harrington, Mr Charles",1st,NA,male,0,0
895,"Johnson, Mr Malkolm Joackim",3rd,33,male,0,0
307,"Harrison, Mr William   Henry",1st,40,male,0,0
896,"Johnson, Master Harold Theodor",3rd,4,male,1,0
308,"Hassah, Mr Hamad",1st,NA,male,0,0
897,"Johnson, Mrs Oscar W",3rd,24,female,0,1
309,"Icabad (Icabod), Ms",1st,NA,female,1,1
898,"Johnson, Mr William Cahoone Jr",3rd,19,male,0,0
310,"Keeping, Mr Edwin",1st,32,male,0,0
899,"Johnston, Mr Andrew G",3rd,NA,male,0,0
311,"Kenchen, Ms Amelia",1st,NA,female,1,1
900,"Johnston, Mrs Andrew G",3rd,NA,female,0,1
312,"LeRoy, Miss Berthe",1st,NA,female,1,1
901,"Johnston, Miss Catherine H",3rd,NA,female,0,1
313,"Lesneur, Mr Gustave",1st,NA,male,0,0
902,"Johnston, Master William A",3rd,NA,male,0,0
314,"Maloney, Ms",1st,NA,female,1,1
903,"Jonkoff, Mr Lazor",3rd,NA,male,0,0
315,"Oliva, Mlle",1st,NA,female,0,1
904,"Jonsson, Mr Carl",3rd,32,male,1,0
316,"Pericault, Ms",1st,NA,female,1,1
905,"Jonsson, Nils Hilding",3rd,27,male,0,0
317,"Ringhini, Mr Sante",1st,33,male,0,0
906,"Jussila, Miss Aina Maria",3rd,21,female,0,1
318,"Robbins, Mr Victor",1st,NA,male,0,0
907,"Jussila, Mr Erik",3rd,32,male,1,0
319,"Segesser, Mlle Emma",1st,NA,female,1,1
908,"Jussila, Miss Katriina",3rd,20,female,0,1
320,"Seredeca, Ms",1st,NA,female,0,1
909,"Kallio, Mr Nikolai Erland",3rd,17,male,0,0
321,"Ward, Ms Anna",1st,NA,female,0,1
910,"Kalvig, Mr Johannes K Halverson",3rd,21,male,0,0
322,"Wilson, Ms Helen",1st,NA,female,1,1
911,"Karajic, Mr Milan",3rd,30,male,0,0
323,"Abelson, Mr Samuel",2nd,30,male,0,0
912,"Karlsson, Mr Einar Gervasius",3rd,21,male,1,0
324,"Abelson, Mrs Samuel (Anna)",2nd,28,female,1,1
913,"Karlsson, Mr Julius Konrad Eugen",3rd,23,male,0,0
325,"Andrew, Mr Edgar Samuel",2nd,18,male,0,0
914,"Karlsson, Mr Nils August",3rd,22,male,0,0
326,"Andrew, Mr Frank",2nd,NA,male,0,0
915,"Karun, Miss Anna Mary",3rd,4,female,1,1
327,"Angle, Mr William A",2nd,34,male,0,0
916,"Karun, Mr Franz",3rd,39,male,0,0
328,"Angle, Mrs William A (Florence)",2nd,32,female,1,1
917,"Kassem, Mr Fared",3rd,NA,male,0,0
329,"Ashby, Mr John",2nd,57,male,0,0
918,"Keane, Mr Andrew",3rd,20,male,0,0
330,"Bailey, Mr Percy Andrew",2nd,18,male,0,0
919,"Keefe, Mr Arthur",3rd,NA,male,0,0
331,"Baimbrigge, Mr Charles R",2nd,23,male,0,0
920,"Kekic, Mr Tido",3rd,NA,male,0,0
332,"Balls, Mrs Ada E Hall",2nd,36,female,1,1
921,"Kelly, Miss Anna Kate",3rd,21,female,1,1
333,"Banfield, Mr Frederick J",2nd,28,male,0,0
922,"Kelly, Mr James",3rd,44,male,0,0
334,"Bateman, Rev Robert James",2nd,51,male,0,0
923,"Kelly, Mr James",3rd,42,male,0,0
335,"Beane, Mr Edward",2nd,32,male,1,0
924,"Kelly, Miss Mary",3rd,21,female,1,1
336,"Beane, Mrs Edward (Ethel Clarke)",2nd,19,female,1,1
925,"Kennedy, Mr John",3rd,24,male,0,0
337,"Beauchamp, Mr Henry James",2nd,28,male,0,0
926,"Khalil, Mr Betros",3rd,NA,male,0,0
338,"Becker, Mrs Allen Oliver (Nellie E Baumgardner)",2nd,36,female,1,1
927,"Khalil, Mrs Betros",3rd,NA,female,0,1
339,"Becker, Miss Marion Louise",2nd,4,female,1,1
928,"Khalil, Mr Saad",3rd,NA,male,0,0
340,"Becker, Master Richard F",2nd,1,male,1,0
929,"Kiernan, Mr John",3rd,25,male,0,0
341,"Becker, Miss Ruth Elizabeth",2nd,12,female,1,1
930,"Kiernan, Mr Philip",3rd,22,male,0,0
342,"Beesley, Mr Lawrence",2nd,34,male,1,0
931,"Kilgannon, Mr Thomas",3rd,22,male,0,0
343,"Bentham, Miss Lilian W",2nd,19,female,1,1
932,"Kink, Mr Anton",3rd,39,male,1,0
344,"Berriman, Mr William S",2nd,23,male,0,0
933,"Kink, Mrs Anton (Louise Heilmann)",3rd,26,female,0,1
345,"Botsford, Mr William Hull",2nd,26,male,0,0
934,"Kink, Miss Louise Gretchen",3rd,4,female,1,1
346,"Bowenur, Mr Solomon",2nd,NA,male,0,0
935,"Kink, Miss Maria",3rd,22,female,0,1
347,"Bracken, Mr James H",2nd,27,male,0,0
936,"Kink, Mr Vincenz",3rd,26,male,0,0
348,"Brown, Miss Edith E",2nd,15,female,1,1
937,"Klasen, Miss Gertrud Emilia",3rd,1.5,female,0,1
349,"Brown, Mr Thomas William Solomon",2nd,45,male,0,0
938,"Klasen, Mrs Hulda Kristina",3rd,36,female,0,1
350,"Brown, Mrs Thomas William Solomon (Elizabeth C)",2nd,40,female,1,1
939,"Klasen, Mr Klas Albin",3rd,18,male,0,0
351,"Bryhl, Miss Dagmar",2nd,20,female,1,1
940,"Kraeff, Mr Theodor",3rd,NA,male,0,0
352,"Bryhl, Mr Kurt Arnold Gottfrid",2nd,25,male,0,0
941,"Krekorian, Mr Neshan",3rd,25,male,1,0
353,"Buss, Miss Kate",2nd,36,female,1,1
942,"Lahowd, Mr Sarkis",3rd,NA,male,0,0
354,"Butler, Mr Reginald Fenton",2nd,25,male,0,0
943,"Laitinen, Miss Kritina Sofia",3rd,37,female,0,1
355,"Byles, Rev Thomas Roussel D",2nd,NA,male,0,0
944,"Laleff, Mr Kristo",3rd,NA,male,0,0
356,"Bystrom, Mrs Carolina",2nd,42,female,1,1
945,"Lam, Mr Ali",3rd,NA,male,1,0
357,"Caldwell, Mr Albert Francis",2nd,26,male,1,0
946,"Lam, Mr Len",3rd,NA,male,0,0
358,"Caldwell, Mrs Albert Francis (Sylvia Mae Harbaugh)",2nd,26,female,1,1
947,"Landegren, Miss Aurora Adelia",3rd,22,female,1,1
359,"Caldwell, Master Alden Gates",2nd,0.83,male,1,0
948,"Lane, Mr Patrick",3rd,20,male,0,0
360,"Cameron, Miss Clear",2nd,31,female,1,1
949,"Lang, Mr Fang",3rd,26,male,1,0
361,"Campbell, Mr William",2nd,NA,male,0,0
950,"Larsson, Mr August Viktor",3rd,29,male,0,0
362,"Carbines, Mr William",2nd,19,male,0,0
951,"Larsson, Mr Bengt Edvin",3rd,29,male,0,0
363,"Carter, Rev Ernest Courtenay",2nd,54,male,0,0
952,"Larsson-Rondberg, Mr Edvard",3rd,22,male,0,0
364,"Carter, Mrs Ernest Courtenay (Lillian Hughes)",2nd,44,female,0,1
953,"Leeni, Mr Fahim",3rd,NA,male,1,0
365,"Chapman, Mr Charles Henry",2nd,52,male,0,0
954,"Lefebre, Mrs Frank",3rd,NA,female,0,1
366,"Chapman, Mr John Henry",2nd,30,male,0,0
955,"Lefebre, Master Henry",3rd,NA,male,0,0
367,"Chapman, Mrs John Henry (Elizabeth Lawry)",2nd,30,female,0,1
956,"Lefebre, Miss Ida",3rd,NA,female,0,1
368,"Christy, Mrs Alice Frances",2nd,NA,female,1,1
957,"Lefebre, Miss Jeannie",3rd,NA,female,0,1
369,"Christy, Miss Julie",2nd,NA,female,1,1
958,"Lefebre, Miss Mathilde",3rd,NA,female,0,1
370,"Clarke, Mr Charles V",2nd,29,male,0,0
959,"Leinonen, Mr Antti Gustaf",3rd,32,male,0,0
371,"Clarke, Mrs Charles V (Ada Maria)",2nd,NA,female,1,1
960,"Lemberopolous, Mr Peter L",3rd,NA,male,0,0
372,"Coleridge, Mr Reginald Charles",2nd,29,male,0,0
961,"Lemom, Mr Denis",3rd,21,male,0,0
373,"Collander, Mr Erik",2nd,27,male,0,0
962,"Lemon, Miss Mary",3rd,21,female,0,1
374,"Collett, Mr Sidney C Stuart",2nd,24,male,1,0
963,"Leonard, Mr Lionel",3rd,36,male,0,0
375,"Collyer, Mr Harvey",2nd,35,male,0,0
964,"Lester, Mr James",3rd,39,male,0,0
376,"Collyer, Mrs Harvey (Charlotte Tate)",2nd,31,female,1,1
965,"Lindahl, Miss Agda V",3rd,25,female,0,1
377,"Collyer, Miss Marjorie",2nd,8,female,1,1
966,"Lindblom, Miss Augusta Charlotta",3rd,45,female,0,1
378,"Cook, Mrs Selena Rogers",2nd,22,female,0,1
967,"Lindell, Mr Edvard Bengtsson",3rd,36,male,0,0
379,"Corbett, Mrs Walter H (Irene Colvin)",2nd,30,female,0,1
968,"Lindell, Mrs Edvard Bengtsson",3rd,30,female,0,1
380,"Corey, Mrs Percy C (Mary Phyllis Elizabeth Miller)",2nd,NA,female,0,1
969,"Lindqvist, Eino William",3rd,20,male,1,0
381,"Cotterill, Mr Harry",2nd,20,male,0,0
970,"Linehan, Mr Michael",3rd,NA,male,0,0
382,"Cunningham, Mr Alfred Fleming",2nd,NA,male,0,0
971,"Ling, Mr Lee",3rd,NA,male,0,0
383,"Davies, Mr Charles Henry",2nd,21,male,0,0
972,"Lithman, Mr Simon",3rd,NA,male,0,0
384,"Davis, Mrs Agnes",2nd,49,female,1,1
973,"Lobb, Mr William Arthur",3rd,NA,male,0,0
385,"Davis, Master John Morgan",2nd,8,male,1,0
974,"Lobb, Mrs William Arthur",3rd,NA,female,0,1
386,"Davis, Miss Mary",2nd,28,female,1,1
975,"Lockyer, Mr Edward",3rd,NA,male,0,0
387,"Deacon, Mr Percy",2nd,18,male,0,0
976,"Lovell, Mr John",3rd,NA,male,0,0
388,"de Brito, Mr Jose Joaquim",2nd,NA,male,0,0
977,"Lulich, Mr Nicola",3rd,NA,male,1,0
389,"del Carlo, Mr Sebastiano",2nd,28,male,0,0
978,"Lundahl, Mr Johan",3rd,NA,male,0,0
390,"del Carlo, Mrs Sebastiano (Argenia Genovese)",2nd,22,female,1,1
979,"Lundin, Miss Olga Elida",3rd,NA,female,1,1
391,"Denbury, Mr Herbert",2nd,25,male,0,0
980,"Lundstrom, Mr Thure Edvin",3rd,NA,male,0,0
392,"Dibden, Mr William",2nd,18,male,0,0
981,"Lyntakoff, Mr Stanko",3rd,NA,male,0,0
393,"Doling, Mrs Ada",2nd,32,female,1,1
982,"MacKay, Mr George William",3rd,NA,male,0,0
394,"Doling, Miss Elsie",2nd,18,female,1,1
983,"Madigan, Miss Margaret",3rd,NA,female,1,1
395,"Downton (?Douton), Mr William James",2nd,NA,male,0,0
984,"Madsen, Mr Frithiof",3rd,NA,male,0,0
396,"Drew, Mr James Vivian",2nd,42,male,0,0
985,"Maenpaa, Mr Matti Alexanteri",3rd,NA,male,0,0
397,"Drew, Mrs James Vivian (Lulu Thorne Christian)",2nd,34,female,1,1
986,"Mahon, Miss Delia",3rd,NA,female,0,1
398,"Drew, Master Marshall Brines",2nd,8,male,1,0
987,"Maisner, Mr Simon",3rd,NA,male,0,0
399,"Duran y More, Miss Asuncion",2nd,NA,female,1,1
988,"Makinen, Mr Kalle Edvard",3rd,NA,male,0,0
400,"Duran y More, Miss Florentina",2nd,NA,female,1,1
989,"Mamee, Mr Hanna",3rd,NA,male,1,0
401,"Eitemiller, Mr George Floyd",2nd,23,male,0,0
990,"Mangan, Miss Mary",3rd,NA,female,0,1
402,"Enander, Mr Ingvar",2nd,21,male,0,0
991,"Mannion, Miss Margareth",3rd,NA,female,1,1
403,"Fahlstrom, Mr Arne Jonas",2nd,19,male,0,0
992,"Mansour, Mr Hanna",3rd,NA,male,0,0
404,"Faunthorpe, Mr Harry",2nd,NA,male,0,0
993,"Mardirosian, Mr Sarkis",3rd,NA,male,0,0
405,"Faunthorpe, Mrs Lizzie (see Wilkinson, E)",2nd,NA,female,1,1
994,"Marinko, Mr Dmitri",3rd,NA,male,0,0
406,"Fillbrook, Mr Charles",2nd,NA,male,0,0
995,"Markim, Mr Johann",3rd,NA,male,0,0
407,"Fox, Mr Stanley H",2nd,38,male,0,0
996,"Markoff, Mr Marin",3rd,NA,male,0,0
408,"Frost, Mr Anthony (Archie) W",2nd,NA,male,0,0
997,"Masselmany, Mrs Fatima",3rd,NA,female,1,1
409,"Funk, Miss Annie C",2nd,38,female,0,1
998,"Matinoff, Mr Nicola",3rd,NA,male,0,0
410,"Fynney, Mr Joseph J",2nd,35,male,0,0
999,"McCarthy, Miss Katie",3rd,NA,female,1,1
411,"Gale, Mr Harry",2nd,35,male,0,0
1000,"McCormack, Mr Thomas J",3rd,NA,male,0,0
412,"Gale, Mr Shadrach",2nd,38,male,0,0
1001,"McCoy, Miss Agnes",3rd,NA,female,0,1
413,"Garside, Miss Ethel",2nd,24,female,1,1
1002,"McCoy, Miss Alice",3rd,NA,female,0,1
414,"Gaskell, Mr Alfred",2nd,16,male,0,0
1003,"McCoy, Mr Bernard",3rd,NA,male,0,0
415,"Gavey, Mr Lawrence",2nd,26,male,0,0
1004,"McDermott, Miss Delia",3rd,NA,female,0,1
416,"Gilbert, Mr William",2nd,45,male,0,0
1005,"McElroy, Mr Michael",3rd,NA,male,0,0
417,"Giles, Mr Edgar",2nd,24,male,0,0
1006,"McGovern, Mrs Hugh",3rd,NA,female,1,1
418,"Giles, Mr Frederick",2nd,21,male,0,0
1007,"McGowan, Miss Anna",3rd,NA,female,0,1
419,"Giles, Mr Ralph",2nd,22,male,0,0
1008,"McGowan, Miss Katherine",3rd,NA,female,0,1
420,"Gill, Mr John W",2nd,NA,male,0,0
1009,"McMahon, Mr Martin",3rd,NA,male,0,0
421,"Gillespie, Mr William",2nd,34,male,0,0
1010,"McNamee, Mr Neal",3rd,NA,male,0,0
422,"Givard, Mr Hans Christensen",2nd,30,male,0,0
1011,"McNamee, Mrs Neal",3rd,NA,female,0,1
423,"Greenberg, Mr Samuel",2nd,50,male,0,0
1012,"Meanwell, Miss Marion Ogden",3rd,NA,female,0,1
424,"Hale, Mr Reginald",2nd,30,male,0,0
1013,"Mechen, Mr John",3rd,NA,male,0,0
425,"Hamalainen, Mrs William (Anna)",2nd,23,female,1,1
1014,"Meek, Mrs Thomas",3rd,NA,female,0,1
426,"Hamalainen, Master Viljo",2nd,1,male,1,0
1015,"Melkebuk, Mrs Philemon",3rd,23,female,0,1
427,"Harbeck, Mr William H",2nd,44,male,0,0
1016,"Meo, Mr Alfonso",3rd,NA,male,0,0
428,"Harper, Rev John",2nd,28,male,0,0
1017,"Midtsjo, Mr Karl Albert",3rd,NA,male,1,0
429,"Harper, Miss Nina",2nd,6,female,1,1
1018,"Mihoff, Mr Stoytcho",3rd,NA,male,0,0
430,"Harris, Mr George",2nd,30,male,1,0
1019,"Miles, Mr Frank",3rd,NA,male,0,0
431,"Harris, Mr Walter",2nd,NA,male,0,0
1020,"Mineff, Mr Ivan",3rd,NA,male,0,0
432,"Hart, Mr Benjamin",2nd,43,male,0,0
1021,"Minkoff, Mr Lazar",3rd,NA,male,0,0
433,"Hart, Mrs Benjamin (Esther)",2nd,45,female,1,1
1022,"Mirko, Mr Dika",3rd,NA,male,0,0
434,"Hart, Miss Eva Miriam",2nd,7,female,1,1
1023,"Mitkoff, Mr Mito",3rd,NA,male,0,0
435,"Herman, Miss Alice",2nd,24,female,1,1
1024,"Mocklare, Miss Helen Mary",3rd,NA,female,1,1
436,"Herman, Miss Kate",2nd,24,female,1,1
1025,"Moen, Mr Sigurd H",3rd,NA,male,0,0
437,"Herman, Mr Samuel",2nd,49,male,0,0
1026,"Moor, Mrs Beila",3rd,NA,female,1,1
438,"Herman, Mrs Samuel (Jane Laver)",2nd,48,female,1,1
1027,"Moor, Master Meier",3rd,NA,male,0,0
439,"Hewlett, Mrs Mary D",2nd,NA,female,1,1
1028,"Moore, Mr Leonard Charles",3rd,NA,male,0,0
440,"Hickman, Mr Leonard Mark",2nd,34,male,0,0
1029,"Moran, Miss Bertha",3rd,NA,female,1,1
441,"Hickman, Mr Lewis",2nd,32,male,0,0
1030,"Moran, Mr Daniel J",3rd,NA,male,0,0
442,"Hickman, Mr Stanley George",2nd,21,male,0,0
1031,"Moran, Mr James",3rd,NA,male,0,0
443,"Hiltunen, Miss Marta",2nd,18,female,0,1
1032,"Morley, Mr Henry Samuel",3rd,NA,male,0,0
444,"Hocking, Mrs Elizabeth",2nd,53,female,1,1
1033,"Morrow, Mr Thomas Rowan",3rd,NA,male,0,0
445,"Hocking, Mr George",2nd,23,male,0,0
1034,"Moubarek (Borak), Mr Hanna (John)",3rd,NA,male,1,0
446,"Hocking, Miss Ellen (Nellie)",2nd,21,female,1,1
1035,"Moubarek, Mrs George",3rd,NA,female,0,1
447,"Hocking, Mr Samuel James",2nd,NA,male,0,0
1036,"Moubarek, Master George",3rd,NA,male,0,0
448,"Hodges, Mr Henry Price",2nd,52,male,0,0
1037,"Moubarek, Master William George",3rd,NA,male,0,0
449,"Hold, Mr Stephen",2nd,42,male,0,0
1038,"Moss, Albert Johan",3rd,NA,male,0,0
450,"Hold, Mrs Stephen (Annie Margaret)",2nd,36,female,1,1
1039,"Moussa, Mrs Mantoura Baloics",3rd,NA,female,0,1
451,"Hood, Mr Ambrose, Jr",2nd,21,male,0,0
1040,"Moutal, Mr Rahamin",3rd,NA,male,0,0
452,"Hosono, Mr Masafumi",2nd,41,male,1,0
1041,"Mullins, Miss Katie",3rd,NA,female,1,1
453,"Howard, Mr Benjamin",2nd,NA,male,0,0
1042,"Mulvihill, Miss Bertha E",3rd,NA,female,0,1
454,"Howard, Mrs Benjamin (Ellen Truelove)",2nd,NA,female,0,1
1043,"Murdlin, Mr Joseph",3rd,NA,male,0,0
455,"Hunt, Mr George Henry",2nd,33,male,0,0
1044,"Murphy, Miss Katherine",3rd,NA,female,0,1
456,"Ilett, Miss Bertha",2nd,17,female,1,1
1045,"Murphy, Miss Margaret",3rd,NA,female,0,1
457,Jacobsohn Mr Samuel,*,NA,male,0,0
1046,"Murphy, Miss Nora",3rd,NA,female,0,1
458,"Jacobsohn, Mrs Sidney Samuel (Amy Frances Christy)",2nd,NA,female,1,1
1047,"Myhrman, Mr Pehr Fabian Oliver Malkolm",3rd,NA,male,0,0
459,"Jarvis, Mr John Denzil",2nd,NA,male,0,0
1048,"Nackid, Miss Maria",3rd,NA,female,1,1
460,"Jefferys, Mr Clifford",2nd,NA,male,0,0
1049,"Nackid, Mr Said",3rd,NA,male,0,0
461,"Jefferys, Mr Ernest",2nd,NA,male,0,0
1050,"Nackid, Mrs Said",3rd,NA,female,0,1
462,"Jenkin, Mr Stephen Curnow",2nd,NA,male,0,0
1051,"Nahill, Mr Toufik",3rd,NA,male,0,0
463,"Jerwan, Mrs Amin S (Marie Thuillard)",2nd,23,female,1,1
1052,"Naidenoff, Mr Penko",3rd,NA,male,0,0
464,"Kantor, Mr Sinai",2nd,34,male,0,0
1053,"Nancarrow, W H",3rd,NA,male,0,0
465,"Kantor, Mrs Sinai (Miriam Sternim)",2nd,NA,female,1,1
1054,"Niklasen, Sander",3rd,NA,male,0,0
466,"Karnes, Mrs J Frank (Claire Bennett)",2nd,22,female,0,1
